{
    "key": "group_59e7bc9735e1a",
    "title": "Simple Products",
    "fields": [
        {
            "key": "field_59e7bcbcd387a",
            "label": "Enable Simple Products",
            "name": "product_vendors_enable",
            "type": "true_false",
            "instructions": "This is a simple way to let users submit their products on your site. This method does not allow users to get paid or receive commission when the product is sold. Site admin manages all transactions. IF you're using any product vendor plugins, this method must be disabled as it's not compatible.",
            "required": 0,
            "conditional_logic": 0,
            "wrapper": {
                "width": "",
                "class": "",
                "id": ""
            },
            "message": "",
            "default_value": 0,
            "ui": 1,
            "ui_on_text": "",
            "ui_off_text": ""
        }
    ],
    "location": [
        [
            {
                "param": "options_page",
                "operator": "==",
                "value": "theme-integration-settings"
            }
        ]
    ],
    "menu_order": 20,
    "position": "normal",
    "style": "default",
    "label_placement": "top",
    "instruction_placement": "label",
    "hide_on_screen": "",
    "active": 1,
    "description": "",
    "modified": 1587586239
}