{
    "key": "group_595b7d75c8253",
    "title": "Theme Options",
    "fields": [
        {
            "key": "field_595b8187d0352",
            "label": "General",
            "name": "",
            "aria-label": "",
            "type": "tab",
            "instructions": "",
            "required": 0,
            "conditional_logic": 0,
            "wrapper": {
                "width": "",
                "class": "",
                "id": ""
            },
            "placement": "left",
            "endpoint": 0
        },
        {
            "key": "field_595b7eda34dc9",
            "label": "Site Logo",
            "name": "general_site_logo",
            "aria-label": "",
            "type": "image",
            "instructions": "",
            "required": 0,
            "conditional_logic": 0,
            "wrapper": {
                "width": "40",
                "class": "",
                "id": ""
            },
            "css_selector": "",
            "return_format": "array",
            "preview_size": "medium",
            "library": "all",
            "min_width": "",
            "min_height": "",
            "min_size": "",
            "max_width": "",
            "max_height": "",
            "max_size": "",
            "mime_types": ""
        },
        {
            "key": "field_5998c6c12e783",
            "label": "Accent Color",
            "name": "general_brand_color",
            "aria-label": "",
            "type": "color_picker",
            "instructions": "",
            "required": 0,
            "conditional_logic": 0,
            "wrapper": {
                "width": "30",
                "class": "",
                "id": ""
            },
            "css_selector": "",
            "default_value": "#f24286",
            "enable_opacity": false,
            "return_format": "string"
        },
        {
            "key": "field_5cc24c4ebc50a",
            "label": "Background Color",
            "name": "general_background_color",
            "aria-label": "",
            "type": "color_picker",
            "instructions": "",
            "required": 0,
            "conditional_logic": 0,
            "wrapper": {
                "width": "30",
                "class": "",
                "id": ""
            },
            "css_selector": "",
            "default_value": "#f4f4f4",
            "enable_opacity": false,
            "return_format": "string"
        },
        {
            "key": "field_598dd43d705fa",
            "label": "Loading Screen",
            "name": "general_loading_overlay",
            "aria-label": "",
            "type": "select",
            "instructions": "",
            "required": 0,
            "conditional_logic": 0,
            "wrapper": {
                "width": "33.33333333",
                "class": "",
                "id": ""
            },
            "multiple": 0,
            "allow_null": 0,
            "choices": {
                "none": "None",
                "material-spinner": "Material Spinner",
                "circle-spinner": "Circle Spinner",
                "rotating-dots": "Rotating Dots",
                "rotating-plane": "Rotating Plane",
                "double-bounce": "Double Bounce",
                "wave": "Wave",
                "site-logo": "Site Logo"
            },
            "default_value": "none",
            "ui": 0,
            "ajax": 0,
            "placeholder": "",
            "return_format": "value"
        },
        {
            "key": "field_59ba134da1abd",
            "label": "Loader Color",
            "name": "general_loading_overlay_color",
            "aria-label": "",
            "type": "color_picker",
            "instructions": "",
            "required": 0,
            "conditional_logic": [
                [
                    {
                        "field": "field_598dd43d705fa",
                        "operator": "!=",
                        "value": "none"
                    }
                ]
            ],
            "wrapper": {
                "width": "33.33333333",
                "class": "",
                "id": ""
            },
            "default_value": "#242429",
            "enable_opacity": false,
            "return_format": "string"
        },
        {
            "key": "field_59ba138ca1abe",
            "label": "Loader Background Color",
            "name": "general_loading_overlay_background_color",
            "aria-label": "",
            "type": "color_picker",
            "instructions": "",
            "required": 0,
            "conditional_logic": [
                [
                    {
                        "field": "field_598dd43d705fa",
                        "operator": "!=",
                        "value": "none"
                    }
                ]
            ],
            "wrapper": {
                "width": "33.33333333",
                "class": "",
                "id": ""
            },
            "default_value": "#ffffff",
            "enable_opacity": false,
            "return_format": "string"
        },
        {
            "key": "field_5f3b8fe01ad1f",
            "label": "Login\/register page background",
            "name": "general_auth_bg",
            "aria-label": "",
            "type": "image",
            "instructions": "",
            "required": 0,
            "conditional_logic": 0,
            "wrapper": {
                "width": "",
                "class": "",
                "id": ""
            },
            "return_format": "array",
            "preview_size": "medium_large",
            "library": "all",
            "min_width": "",
            "min_height": "",
            "min_size": "",
            "max_width": "",
            "max_height": "",
            "max_size": "",
            "mime_types": ""
        },
        {
            "key": "field_641dcefb7dfbd",
            "label": "Lightbox options",
            "name": "",
            "aria-label": "",
            "type": "message",
            "instructions": "",
            "required": 0,
            "conditional_logic": 0,
            "wrapper": {
                "width": "",
                "class": "",
                "id": ""
            },
            "message": "Lightbox options for images that use theme's lightbox",
            "new_lines": "wpautop",
            "esc_html": 0
        },
        {
            "key": "field_641dcf9a8ff95",
            "label": "Title",
            "name": "lightbox_title_caption",
            "aria-label": "",
            "type": "select",
            "instructions": "",
            "required": 0,
            "conditional_logic": 0,
            "wrapper": {
                "width": "50",
                "class": "",
                "id": ""
            },
            "choices": {
                "false": "None",
                "title": "Title",
                "description": "Description",
                "caption": "Caption",
                "alt": "Alt"
            },
            "default_value": "false",
            "allow_null": 0,
            "multiple": 0,
            "ui": 0,
            "return_format": "value",
            "ajax": 0,
            "placeholder": ""
        },
        {
            "key": "field_641dd0048ff96",
            "label": "Description",
            "name": "lightbox_description_caption",
            "aria-label": "",
            "type": "select",
            "instructions": "",
            "required": 0,
            "conditional_logic": 0,
            "wrapper": {
                "width": "50",
                "class": "",
                "id": ""
            },
            "choices": {
                "false": "None",
                "title": "Title",
                "description": "Description",
                "caption": "Caption",
                "alt": "Alt"
            },
            "default_value": "false",
            "allow_null": 0,
            "multiple": 0,
            "ui": 0,
            "return_format": "value",
            "ajax": 0,
            "placeholder": ""
        },
        {
            "key": "field_595b83a5c4881",
            "label": "Header",
            "name": "",
            "aria-label": "",
            "type": "tab",
            "instructions": "",
            "required": 0,
            "conditional_logic": 0,
            "wrapper": {
                "width": "",
                "class": "",
                "id": ""
            },
            "placement": "left",
            "endpoint": 0
        },
        {
            "key": "field_595b7d8981914",
            "label": "Header Height",
            "name": "header_style",
            "aria-label": "",
            "type": "select",
            "instructions": "",
            "required": 0,
            "conditional_logic": 0,
            "wrapper": {
                "width": "50",
                "class": "",
                "id": ""
            },
            "multiple": 0,
            "allow_null": 0,
            "choices": {
                "default": "Normal",
                "alternate": "Extended"
            },
            "default_value": "default",
            "ui": 1,
            "ajax": 0,
            "placeholder": "",
            "return_format": "value"
        },
        {
            "key": "field_59a1982a24d8f",
            "label": "Header Text Color",
            "name": "header_skin",
            "aria-label": "",
            "type": "select",
            "instructions": "",
            "required": 0,
            "conditional_logic": 0,
            "wrapper": {
                "width": "50",
                "class": "",
                "id": ""
            },
            "multiple": 0,
            "allow_null": 0,
            "choices": {
                "dark": "Light",
                "light": "Dark"
            },
            "default_value": "dark",
            "ui": 1,
            "ajax": 0,
            "placeholder": "",
            "return_format": "value"
        },
        {
            "key": "field_62446f0887a28",
            "label": "Header Width",
            "name": "header_width",
            "aria-label": "",
            "type": "select",
            "instructions": "",
            "required": 0,
            "conditional_logic": 0,
            "wrapper": {
                "width": "50",
                "class": "",
                "id": ""
            },
            "choices": {
                "full-width": "Full Width",
                "boxed": "Boxed"
            },
            "default_value": "full-width",
            "allow_null": 0,
            "multiple": 0,
            "ui": 1,
            "ajax": 0,
            "return_format": "value",
            "placeholder": ""
        },
        {
            "key": "field_624471586b779",
            "label": "Boxed Header Width (px)",
            "name": "boxed_header_width",
            "aria-label": "",
            "type": "range",
            "instructions": "",
            "required": 0,
            "conditional_logic": [
                [
                    {
                        "field": "field_62446f0887a28",
                        "operator": "==",
                        "value": "boxed"
                    }
                ]
            ],
            "wrapper": {
                "width": "50",
                "class": "",
                "id": ""
            },
            "default_value": 1120,
            "min": "",
            "max": 1200,
            "step": "",
            "prepend": "",
            "append": ""
        },
        {
            "key": "field_595b7e899d6ac",
            "label": "Header Background Color",
            "name": "header_background_color",
            "aria-label": "",
            "type": "color_picker",
            "instructions": "",
            "required": 0,
            "conditional_logic": 0,
            "wrapper": {
                "width": "50",
                "class": "",
                "id": ""
            },
            "default_value": "#7747FF",
            "enable_opacity": false,
            "return_format": "string"
        },
        {
            "key": "field_59a3566469433",
            "label": "Header Border Color",
            "name": "header_border_color",
            "aria-label": "",
            "type": "color_picker",
            "instructions": "",
            "required": 0,
            "conditional_logic": 0,
            "wrapper": {
                "width": "50",
                "class": "",
                "id": ""
            },
            "default_value": "rgba(25, 28, 31, 0.96)",
            "enable_opacity": false,
            "return_format": "string"
        },
        {
            "key": "field_595b7dd181915",
            "label": "Sticky header on scroll?",
            "name": "header_fixed",
            "aria-label": "",
            "type": "true_false",
            "instructions": "",
            "required": 0,
            "conditional_logic": 0,
            "wrapper": {
                "width": "50",
                "class": "",
                "id": ""
            },
            "default_value": 1,
            "message": "",
            "ui": 1,
            "ui_on_text": "Yes",
            "ui_off_text": "No"
        },
        {
            "key": "field_595b80b1a931a",
            "label": "Main Menu Location",
            "name": "header_menu_location",
            "aria-label": "",
            "type": "select",
            "instructions": "",
            "required": 0,
            "conditional_logic": 0,
            "wrapper": {
                "width": "50",
                "class": "",
                "id": ""
            },
            "choices": {
                "left": "Left",
                "center": "Center",
                "right": "Right"
            },
            "default_value": "left",
            "allow_null": 0,
            "multiple": 0,
            "ui": 1,
            "ajax": 0,
            "return_format": "value",
            "placeholder": ""
        },
        {
            "key": "field_624599d9cc440",
            "label": "Logo Height",
            "name": "",
            "aria-label": "",
            "type": "message",
            "instructions": "",
            "required": 0,
            "conditional_logic": 0,
            "wrapper": {
                "width": "",
                "class": "",
                "id": ""
            },
            "message": "",
            "new_lines": "",
            "esc_html": 0
        },
        {
            "key": "field_59eeaac62c1c5",
            "label": "Logo Height (Desktop)",
            "name": "header_logo_height",
            "aria-label": "",
            "type": "number",
            "instructions": "",
            "required": 0,
            "conditional_logic": 0,
            "wrapper": {
                "width": "33.33333",
                "class": "",
                "id": ""
            },
            "default_value": 38,
            "placeholder": "",
            "prepend": "",
            "append": "px",
            "min": 24,
            "max": 80,
            "step": 2
        },
        {
            "key": "field_5fcba8551e60f",
            "label": "Logo Height (Tablet)",
            "name": "header_logo_height_tablet",
            "aria-label": "",
            "type": "number",
            "instructions": "",
            "required": 0,
            "conditional_logic": 0,
            "wrapper": {
                "width": "33.33333",
                "class": "",
                "id": ""
            },
            "default_value": 50,
            "placeholder": "",
            "prepend": "",
            "append": "px",
            "min": 10,
            "max": 100,
            "step": 1
        },
        {
            "key": "field_5fcba8571e610",
            "label": "Logo Height (Mobile)",
            "name": "header_logo_height_mobile",
            "aria-label": "",
            "type": "number",
            "instructions": "",
            "required": 0,
            "conditional_logic": 0,
            "wrapper": {
                "width": "33.33333",
                "class": "",
                "id": ""
            },
            "default_value": 40,
            "placeholder": "",
            "prepend": "",
            "append": "px",
            "min": 10,
            "max": 100,
            "step": 1
        },
        {
            "key": "field_595b8055a9318",
            "label": "Show Search Form?",
            "name": "header_show_search_form",
            "aria-label": "",
            "type": "true_false",
            "instructions": "",
            "required": 0,
            "conditional_logic": 0,
            "wrapper": {
                "width": "",
                "class": "",
                "id": ""
            },
            "default_value": 1,
            "message": "",
            "ui": 1,
            "ui_on_text": "Yes",
            "ui_off_text": "No"
        },
        {
            "key": "field_595b8071a9319",
            "label": "Search Form Placeholder",
            "name": "header_search_form_placeholder",
            "aria-label": "",
            "type": "text",
            "instructions": "",
            "required": 0,
            "conditional_logic": [
                [
                    {
                        "field": "field_595b8055a9318",
                        "operator": "==",
                        "value": "1"
                    }
                ]
            ],
            "wrapper": {
                "width": "50",
                "class": "",
                "id": ""
            },
            "default_value": "Type your search...",
            "placeholder": "",
            "prepend": "",
            "append": "",
            "maxlength": ""
        },
        {
            "key": "field_5964e0d3bbed9",
            "label": "Search Form Featured Categories",
            "name": "header_search_form_featured_categories",
            "aria-label": "",
            "type": "taxonomy",
            "instructions": "Select a list of categories to appear on initial search form focus.",
            "required": 0,
            "conditional_logic": [
                [
                    {
                        "field": "field_595b8055a9318",
                        "operator": "==",
                        "value": "1"
                    }
                ]
            ],
            "wrapper": {
                "width": "50",
                "class": "",
                "id": ""
            },
            "taxonomy": "job_listing_category",
            "field_type": "multi_select",
            "multiple": 0,
            "allow_null": 0,
            "return_format": "object",
            "add_term": 1,
            "load_terms": 0,
            "save_terms": 0,
            "bidirectional_target": []
        },
        {
            "key": "field_6464ef9a14610",
            "label": "Listing types",
            "name": "header_search_form_listing_types",
            "aria-label": "",
            "type": "post_object",
            "instructions": "Select types of listings you want to display in quick search, this is a global option for all instances of quick search. Leave empty to show all",
            "required": 0,
            "conditional_logic": [
                [
                    {
                        "field": "field_595b8055a9318",
                        "operator": "==",
                        "value": "1"
                    }
                ]
            ],
            "wrapper": {
                "width": "50",
                "class": "",
                "id": ""
            },
            "post_type": [
                "case27_listing_type"
            ],
            "taxonomy": "",
            "allow_null": 0,
            "multiple": 1,
            "return_format": "object",
            "ui": 1,
            "bidirectional_target": []
        },
        {
            "key": "field_595b820157999",
            "label": "Show Call to Action Button",
            "name": "header_show_call_to_action_button",
            "aria-label": "",
            "type": "true_false",
            "instructions": "",
            "required": 0,
            "conditional_logic": 0,
            "wrapper": {
                "width": "",
                "class": "",
                "id": ""
            },
            "default_value": 1,
            "message": "",
            "ui": 1,
            "ui_on_text": "",
            "ui_off_text": ""
        },
        {
            "key": "field_595b82555799a",
            "label": "Call to action links to page:",
            "name": "header_call_to_action_links_to",
            "aria-label": "",
            "type": "page_link",
            "instructions": "",
            "required": 0,
            "conditional_logic": [
                [
                    {
                        "field": "field_595b820157999",
                        "operator": "==",
                        "value": "1"
                    }
                ]
            ],
            "wrapper": {
                "width": "50",
                "class": "",
                "id": ""
            },
            "post_type": [
                "page"
            ],
            "taxonomy": [],
            "allow_null": 0,
            "multiple": 0,
            "allow_archives": 1
        },
        {
            "key": "field_595b82b95799b",
            "label": "Call to action button label",
            "name": "header_call_to_action_label",
            "aria-label": "",
            "type": "text",
            "instructions": "",
            "required": 0,
            "conditional_logic": [
                [
                    {
                        "field": "field_595b820157999",
                        "operator": "==",
                        "value": "1"
                    }
                ]
            ],
            "wrapper": {
                "width": "50",
                "class": "",
                "id": ""
            },
            "default_value": "Add Listing",
            "maxlength": "",
            "placeholder": "",
            "prepend": "",
            "append": ""
        },
        {
            "key": "field_5c0490b2397ec",
            "label": "Show cart",
            "name": "header_show_cart",
            "aria-label": "",
            "type": "true_false",
            "instructions": "",
            "required": 0,
            "conditional_logic": 0,
            "wrapper": {
                "width": "",
                "class": "",
                "id": ""
            },
            "message": "",
            "default_value": 1,
            "ui": 1,
            "ui_on_text": "Yes",
            "ui_off_text": "No"
        },
        {
            "key": "field_59a3660f98ace",
            "label": "Enable breadcrumbs?",
            "name": "header_show_title_bar",
            "aria-label": "",
            "type": "true_false",
            "instructions": "Can be overwritten through Elementor for each page.",
            "required": 0,
            "conditional_logic": 0,
            "wrapper": {
                "width": "",
                "class": "",
                "id": ""
            },
            "message": "",
            "default_value": 0,
            "ui_on_text": "Yes",
            "ui_off_text": "No",
            "ui": 1
        },
        {
            "key": "field_59a3502c0bde0",
            "label": "On scroll",
            "name": "",
            "aria-label": "",
            "type": "message",
            "instructions": "",
            "required": 0,
            "conditional_logic": 0,
            "wrapper": {
                "width": "",
                "class": "",
                "id": ""
            },
            "message": "These options are applied when user has scrolled and the header is set to stick to the top of the page.",
            "esc_html": 0,
            "new_lines": "wpautop"
        },
        {
            "key": "field_59ac724a6000a",
            "label": "On scroll logo",
            "name": "header_scroll_logo",
            "aria-label": "",
            "type": "image",
            "instructions": "",
            "required": 0,
            "conditional_logic": 0,
            "wrapper": {
                "width": "50",
                "class": "",
                "id": ""
            },
            "return_format": "array",
            "preview_size": "medium",
            "library": "all",
            "min_width": "",
            "min_height": "",
            "min_size": "",
            "max_width": "",
            "max_height": "",
            "max_size": "",
            "mime_types": ""
        },
        {
            "key": "field_59a350150bddf",
            "label": "On scroll header text color",
            "name": "header_scroll_skin",
            "aria-label": "",
            "type": "select",
            "instructions": "",
            "required": 0,
            "conditional_logic": 0,
            "wrapper": {
                "width": "50",
                "class": "",
                "id": ""
            },
            "multiple": 0,
            "allow_null": 0,
            "choices": {
                "dark": "Light",
                "light": "Dark"
            },
            "default_value": "dark",
            "ui": 1,
            "ajax": 0,
            "placeholder": "",
            "return_format": "value"
        },
        {
            "key": "field_59a34ff80bdde",
            "label": "On scroll header background color",
            "name": "header_scroll_background_color",
            "aria-label": "",
            "type": "color_picker",
            "instructions": "",
            "required": 0,
            "conditional_logic": 0,
            "wrapper": {
                "width": "50",
                "class": "",
                "id": ""
            },
            "default_value": "#7747FF",
            "enable_opacity": false,
            "return_format": "string"
        },
        {
            "key": "field_59ac71706c392",
            "label": "On scroll header border color",
            "name": "header_scroll_border_color",
            "aria-label": "",
            "type": "color_picker",
            "instructions": "",
            "required": 0,
            "conditional_logic": 0,
            "wrapper": {
                "width": "50",
                "class": "",
                "id": ""
            },
            "default_value": "rgba(25, 28, 31, 0.96)",
            "enable_opacity": false,
            "return_format": "string"
        },
        {
            "key": "field_595b845dd3e97",
            "label": "Footer",
            "name": "",
            "aria-label": "",
            "type": "tab",
            "instructions": "",
            "required": 0,
            "conditional_logic": 0,
            "wrapper": {
                "width": "",
                "class": "",
                "id": ""
            },
            "placement": "left",
            "endpoint": 0
        },
        {
            "key": "field_5c0b1d9b0092e",
            "label": "Show Footer?",
            "name": "footer_show",
            "aria-label": "",
            "type": "true_false",
            "instructions": "",
            "required": 0,
            "conditional_logic": 0,
            "wrapper": {
                "width": "50",
                "class": "",
                "id": ""
            },
            "message": "",
            "default_value": 1,
            "ui": 1,
            "ui_on_text": "Yes",
            "ui_off_text": "No"
        },
        {
            "key": "field_62445b08bbb5b",
            "label": "Footer Background Color",
            "name": "footer_background_color",
            "aria-label": "",
            "type": "color_picker",
            "instructions": "",
            "required": 0,
            "conditional_logic": [
                [
                    {
                        "field": "field_5c0b1d9b0092e",
                        "operator": "==",
                        "value": "1"
                    }
                ]
            ],
            "wrapper": {
                "width": "50",
                "class": "",
                "id": ""
            },
            "default_value": "#ffffff",
            "enable_opacity": false,
            "return_format": "string"
        },
        {
            "key": "field_595b85b15dbec",
            "label": "Show Widgets?",
            "name": "footer_show_widgets",
            "aria-label": "",
            "type": "true_false",
            "instructions": "",
            "required": 0,
            "conditional_logic": 0,
            "wrapper": {
                "width": "100",
                "class": "",
                "id": ""
            },
            "message": "",
            "default_value": 1,
            "ui": 1,
            "ui_on_text": "Yes",
            "ui_off_text": "No"
        },
        {
            "key": "field_62430567679c5",
            "label": "Widgets Per Row (Desktop)",
            "name": "footer_widgets_per_row_d",
            "aria-label": "",
            "type": "select",
            "instructions": "",
            "required": 0,
            "conditional_logic": [
                [
                    {
                        "field": "field_595b85b15dbec",
                        "operator": "==",
                        "value": "1"
                    }
                ]
            ],
            "wrapper": {
                "width": "33.3",
                "class": "",
                "id": ""
            },
            "choices": {
                "col-lg-12": "1",
                "col-lg-6": "2",
                "col-lg-4": "3",
                "col-lg-3": "4",
                "col-lg-20": "5"
            },
            "default_value": "col-md-4",
            "allow_null": 0,
            "multiple": 0,
            "ui": 0,
            "return_format": "value",
            "ajax": 0,
            "placeholder": ""
        },
        {
            "key": "field_624449edf781c",
            "label": "Widgets Per Row (Tablet)",
            "name": "footer_widgets_per_row_t",
            "aria-label": "",
            "type": "select",
            "instructions": "",
            "required": 0,
            "conditional_logic": [
                [
                    {
                        "field": "field_595b85b15dbec",
                        "operator": "==",
                        "value": "1"
                    }
                ]
            ],
            "wrapper": {
                "width": "33.3",
                "class": "",
                "id": ""
            },
            "choices": {
                "col-sm-12": "1",
                "col-sm-6": "2",
                "col-sm-4": "3",
                "col-sm-3": "4",
                "col-sm-20": "5"
            },
            "default_value": "col-sm-6",
            "allow_null": 0,
            "multiple": 0,
            "ui": 0,
            "return_format": "value",
            "ajax": 0,
            "placeholder": ""
        },
        {
            "key": "field_62444a49f781d",
            "label": "Widgets Per Row (Mobile)",
            "name": "footer_widgets_per_row_m",
            "aria-label": "",
            "type": "select",
            "instructions": "",
            "required": 0,
            "conditional_logic": [
                [
                    {
                        "field": "field_595b85b15dbec",
                        "operator": "==",
                        "value": "1"
                    }
                ]
            ],
            "wrapper": {
                "width": "33.3",
                "class": "",
                "id": ""
            },
            "choices": {
                "col-xs-12": "1",
                "col-xs-6": "2",
                "col-xs-4": "3"
            },
            "default_value": "col-xs-12",
            "allow_null": 0,
            "multiple": 0,
            "ui": 0,
            "return_format": "value",
            "ajax": 0,
            "placeholder": ""
        },
        {
            "key": "field_595b85cc5dbed",
            "label": "Show Footer Menu?",
            "name": "footer_show_menu",
            "aria-label": "",
            "type": "true_false",
            "instructions": "",
            "required": 0,
            "conditional_logic": 0,
            "wrapper": {
                "width": "50",
                "class": "",
                "id": ""
            },
            "message": "",
            "default_value": 1,
            "ui": 1,
            "ui_on_text": "Yes",
            "ui_off_text": "No"
        },
        {
            "key": "field_595b85e35dbee",
            "label": "Footer Text",
            "name": "footer_text",
            "aria-label": "",
            "type": "text",
            "instructions": "",
            "required": 0,
            "conditional_logic": 0,
            "wrapper": {
                "width": "50",
                "class": "",
                "id": ""
            },
            "default_value": "",
            "maxlength": "",
            "placeholder": "",
            "prepend": "",
            "append": ""
        },
        {
            "key": "field_598719cf8d4c3",
            "label": "Show 'Back to top' button?",
            "name": "footer_show_back_to_top_button",
            "aria-label": "",
            "type": "true_false",
            "instructions": "",
            "required": 0,
            "conditional_logic": 0,
            "wrapper": {
                "width": "50",
                "class": "",
                "id": ""
            },
            "default_value": 0,
            "message": "",
            "ui": 1,
            "ui_on_text": "Yes",
            "ui_off_text": "No"
        },
        {
            "key": "field_59770a976c1f2",
            "label": "Explore",
            "name": "",
            "aria-label": "",
            "type": "tab",
            "instructions": "",
            "required": 0,
            "conditional_logic": 0,
            "wrapper": {
                "width": "",
                "class": "",
                "id": ""
            },
            "placement": "left",
            "endpoint": 0
        },
        {
            "key": "field_595bd2fffffff",
            "label": "Default Explore Listings page",
            "name": "general_explore_listings_page",
            "aria-label": "",
            "type": "page_link",
            "instructions": "This page will be used to display results from the header search form, and to display listings by category.",
            "required": 0,
            "conditional_logic": 0,
            "wrapper": {
                "width": "",
                "class": "",
                "id": ""
            },
            "post_type": [
                "page"
            ],
            "taxonomy": [],
            "allow_null": 0,
            "multiple": 0,
            "allow_archives": 1
        },
        {
            "key": "field_59770a24cb27d",
            "label": "Listings per page",
            "name": "general_explore_listings_per_page",
            "aria-label": "",
            "type": "number",
            "instructions": "The amount of listings to show at once per search.",
            "required": 0,
            "conditional_logic": 0,
            "wrapper": {
                "width": "",
                "class": "",
                "id": ""
            },
            "default_value": 9,
            "min": -1,
            "max": "",
            "step": "",
            "placeholder": "",
            "prepend": "",
            "append": ""
        },
        {
            "key": "field_59a455e61eccc",
            "label": "Default 'Add a Listing' page",
            "name": "general_add_listing_page",
            "aria-label": "",
            "type": "page_link",
            "instructions": "This page will be used for actions like relisting expired listings.",
            "required": 0,
            "conditional_logic": 0,
            "wrapper": {
                "width": "",
                "class": "",
                "id": ""
            },
            "post_type": [
                "page"
            ],
            "taxonomy": [],
            "allow_null": 0,
            "multiple": 0,
            "allow_archives": 1
        },
        {
            "key": "field_596398dc93908",
            "label": "Single Listing",
            "name": "",
            "aria-label": "",
            "type": "tab",
            "instructions": "",
            "required": 0,
            "conditional_logic": 0,
            "wrapper": {
                "width": "",
                "class": "",
                "id": ""
            },
            "placement": "left",
            "endpoint": 0
        },
        {
            "key": "field_59a3619133e32",
            "label": "Header Style",
            "name": "single_listing",
            "aria-label": "",
            "type": "clone",
            "instructions": "",
            "required": 0,
            "conditional_logic": 0,
            "wrapper": {
                "width": "",
                "class": "",
                "id": ""
            },
            "clone": [
                "field_595b7d8981914",
                "field_59a1982a24d8f",
                "field_595b7e899d6ac",
                "field_59a3566469433"
            ],
            "display": "seamless",
            "layout": "block",
            "prefix_label": 0,
            "prefix_name": 1
        },
        {
            "key": "field_62458f06a4db2",
            "label": "Header Width",
            "name": "single_listing_header_width",
            "aria-label": "",
            "type": "select",
            "instructions": "",
            "required": 0,
            "conditional_logic": 0,
            "wrapper": {
                "width": "50",
                "class": "",
                "id": ""
            },
            "choices": {
                "full-width": "Full Width",
                "boxed": "Boxed"
            },
            "default_value": "full-width",
            "allow_null": 0,
            "multiple": 0,
            "ui": 1,
            "ajax": 0,
            "return_format": "value",
            "placeholder": ""
        },
        {
            "key": "field_62458f18a4db3",
            "label": "Boxed header width (px)",
            "name": "single_listing_boxed_header_width",
            "aria-label": "",
            "type": "range",
            "instructions": "",
            "required": 0,
            "conditional_logic": [
                [
                    {
                        "field": "field_62458f06a4db2",
                        "operator": "==",
                        "value": "boxed"
                    }
                ]
            ],
            "wrapper": {
                "width": "50",
                "class": "",
                "id": ""
            },
            "default_value": 1120,
            "min": "",
            "max": 1200,
            "step": "",
            "prepend": "",
            "append": ""
        },
        {
            "key": "field_62865020d24be",
            "label": "Sticky header on scroll?",
            "name": "single_listing_header_fixed",
            "aria-label": "",
            "type": "true_false",
            "instructions": "",
            "required": 0,
            "conditional_logic": 0,
            "wrapper": {
                "width": "50",
                "class": "",
                "id": ""
            },
            "message": "",
            "default_value": 1,
            "ui": 1,
            "ui_on_text": "Yes",
            "ui_off_text": "No"
        },
        {
            "key": "field_5963dbc3f9cbe",
            "label": "Header Preset",
            "name": "single_listing_header_preset",
            "aria-label": "",
            "type": "select",
            "instructions": "",
            "required": 0,
            "conditional_logic": 0,
            "wrapper": {
                "width": "",
                "class": "",
                "id": ""
            },
            "multiple": 0,
            "allow_null": 0,
            "choices": {
                "default": "Default",
                "header2": "Transparent",
                "header3": "Dark Skin",
                "header4": "Light Skin"
            },
            "default_value": "header2",
            "ui": 1,
            "ajax": 0,
            "placeholder": "",
            "return_format": "value"
        },
        {
            "key": "field_5e7b36643fc52",
            "label": "Blend header with the cover section?",
            "name": "single_listing_blend_header",
            "aria-label": "",
            "type": "true_false",
            "instructions": "",
            "required": 0,
            "conditional_logic": 0,
            "wrapper": {
                "width": "",
                "class": "",
                "id": ""
            },
            "message": "",
            "default_value": 1,
            "ui": 1,
            "ui_on_text": "",
            "ui_off_text": ""
        },
        {
            "key": "field_66e37550cc17c",
            "label": "Enable breadcrumbs?",
            "name": "single_listing_header_show_title_bar",
            "aria-label": "",
            "type": "true_false",
            "instructions": "",
            "required": 0,
            "conditional_logic": 0,
            "wrapper": {
                "width": "",
                "class": "",
                "id": ""
            },
            "message": "",
            "default_value": 0,
            "ui_on_text": "Yes",
            "ui_off_text": "No",
            "ui": 1
        },
        {
            "key": "field_5e858a4202b77",
            "label": "Cover image height",
            "name": "single_listing_cover_height",
            "aria-label": "",
            "type": "number",
            "instructions": "Set the aspect ratio of the cover image. Common values: 56.25 (16:9), 75 (4:3), 100 (1:1). Default: 35",
            "required": 0,
            "conditional_logic": 0,
            "wrapper": {
                "width": "",
                "class": "",
                "id": ""
            },
            "default_value": "",
            "placeholder": 35,
            "prepend": "",
            "append": "%",
            "min": "",
            "max": "",
            "step": ""
        },
        {
            "key": "field_59a056ca65404",
            "label": "Cover Overlay Color",
            "name": "single_listing_cover_overlay_color",
            "aria-label": "",
            "type": "color_picker",
            "instructions": "",
            "required": 0,
            "conditional_logic": 0,
            "wrapper": {
                "width": "50",
                "class": "",
                "id": ""
            },
            "default_value": "#242429",
            "enable_opacity": false,
            "return_format": "string"
        },
        {
            "key": "field_59a056ef65405",
            "label": "Cover Overlay Opacity",
            "name": "single_listing_cover_overlay_opacity",
            "aria-label": "",
            "type": "number",
            "instructions": "",
            "required": 0,
            "conditional_logic": 0,
            "wrapper": {
                "width": "50",
                "class": "",
                "id": ""
            },
            "default_value": "0.5",
            "min": 0,
            "max": 1,
            "step": "0.025",
            "placeholder": "",
            "prepend": "",
            "append": ""
        },
        {
            "key": "field_59a169755eeef",
            "label": "Listing Preview Overlay Color",
            "name": "listing_preview_overlay_color",
            "aria-label": "",
            "type": "color_picker",
            "instructions": "",
            "required": 0,
            "conditional_logic": 0,
            "wrapper": {
                "width": "50",
                "class": "",
                "id": ""
            },
            "default_value": "#242429",
            "enable_opacity": false,
            "return_format": "string"
        },
        {
            "key": "field_59a1697b5eef0",
            "label": "Listing Preview Overlay Opacity",
            "name": "listing_preview_overlay_opacity",
            "aria-label": "",
            "type": "number",
            "instructions": "",
            "required": 0,
            "conditional_logic": 0,
            "wrapper": {
                "width": "50",
                "class": "",
                "id": ""
            },
            "default_value": "0.5",
            "min": 0,
            "max": 1,
            "step": "0.025",
            "placeholder": "",
            "prepend": "",
            "append": ""
        },
        {
            "key": "field_5971330611e6b",
            "label": "Blog",
            "name": "",
            "aria-label": "",
            "type": "tab",
            "instructions": "",
            "required": 0,
            "conditional_logic": 0,
            "wrapper": {
                "width": "",
                "class": "",
                "id": ""
            },
            "placement": "left",
            "endpoint": 0
        },
        {
            "key": "field_5971331211e6c",
            "label": "Default post image",
            "name": "blog_default_post_image",
            "aria-label": "",
            "type": "image",
            "instructions": "When posts don't have a featured image set, this will be used instead in the blog feed.",
            "required": 0,
            "conditional_logic": 0,
            "wrapper": {
                "width": "",
                "class": "",
                "id": ""
            },
            "return_format": "array",
            "preview_size": "thumbnail",
            "library": "all",
            "min_width": "",
            "min_height": "",
            "min_size": "",
            "max_width": "",
            "max_height": "",
            "max_size": "",
            "mime_types": ""
        },
        {
            "key": "field_598dd4a853c27",
            "label": "Custom Code",
            "name": "",
            "aria-label": "",
            "type": "tab",
            "instructions": "",
            "required": 0,
            "conditional_logic": 0,
            "wrapper": {
                "width": "",
                "class": "",
                "id": ""
            },
            "placement": "left",
            "endpoint": 0
        },
        {
            "key": "field_5b3a15ceafe9c",
            "label": "",
            "name": "custom_code_switcher",
            "aria-label": "",
            "type": "button_group",
            "instructions": "",
            "required": 0,
            "conditional_logic": 0,
            "wrapper": {
                "width": "",
                "class": "",
                "id": "cts-custom-code-switcher"
            },
            "choices": {
                "custom_css": "CSS",
                "custom_js": "JavaScript",
                "custom_code": "Raw Code"
            },
            "allow_null": 0,
            "default_value": "custom_css",
            "layout": "horizontal",
            "return_format": "value"
        },
        {
            "key": "field_598dd4ba53c28",
            "label": "Custom CSS",
            "name": "custom_css",
            "aria-label": "",
            "type": "cts_code_field",
            "instructions": "Add custom styling to your site.",
            "required": 0,
            "conditional_logic": 0,
            "wrapper": {
                "width": "",
                "class": "cts-custom-code-tab cts-custom-code-tab-custom_css",
                "id": ""
            },
            "default_value": "",
            "placeholder": "",
            "mode": "css",
            "theme": "material"
        },
        {
            "key": "field_598dd4eb53c29",
            "label": "Custom JavaScript",
            "name": "custom_js",
            "aria-label": "",
            "type": "cts_code_field",
            "instructions": "Add custom JavaScript code.",
            "required": 0,
            "conditional_logic": 0,
            "wrapper": {
                "width": "",
                "class": "cts-custom-code-tab cts-custom-code-tab-custom_js",
                "id": ""
            },
            "default_value": "",
            "placeholder": "",
            "mode": "javascript",
            "theme": "material"
        },
        {
            "key": "field_5a0d7bfc4e799",
            "label": "Custom Code",
            "name": "custom_code",
            "aria-label": "",
            "type": "cts_code_field",
            "instructions": "Use this field for raw HTML\/CSS\/JS code. It will be outputted in the site footer.",
            "required": 0,
            "conditional_logic": 0,
            "wrapper": {
                "width": "",
                "class": "cts-custom-code-tab cts-custom-code-tab-custom_code",
                "id": ""
            },
            "default_value": "",
            "placeholder": "",
            "mode": "htmlmixed",
            "theme": "material"
        },
        {
            "key": "field_5af19f19d8eec",
            "label": "Shop Page",
            "name": "",
            "aria-label": "",
            "type": "tab",
            "instructions": "",
            "required": 0,
            "conditional_logic": 0,
            "wrapper": {
                "width": "",
                "class": "",
                "id": ""
            },
            "placement": "top",
            "endpoint": 0
        },
        {
            "key": "field_5af19f2bd8eed",
            "label": "Number of Products Columns",
            "name": "shop_page_product_columns",
            "aria-label": "",
            "type": "range",
            "instructions": "",
            "required": 0,
            "conditional_logic": 0,
            "wrapper": {
                "width": "",
                "class": "",
                "id": ""
            },
            "default_value": "",
            "min": 1,
            "max": 4,
            "step": "",
            "prepend": "",
            "append": ""
        },
        {
            "key": "field_5af1a04387483",
            "label": "Select Shop Page Sidebar",
            "name": "shop_page_sidebar",
            "aria-label": "",
            "type": "sidebar",
            "instructions": "",
            "required": 0,
            "conditional_logic": 0,
            "wrapper": {
                "width": "",
                "class": "",
                "id": ""
            },
            "sidebar_list": "footer"
        },
        {
            "key": "field_5be5756fff862",
            "label": "Typography",
            "name": "",
            "aria-label": "",
            "type": "tab",
            "instructions": "",
            "required": 0,
            "conditional_logic": 0,
            "wrapper": {
                "width": "",
                "class": "",
                "id": ""
            },
            "placement": "top",
            "endpoint": 0
        },
        {
            "key": "field_5beeb50c4ba55",
            "label": "",
            "name": "",
            "aria-label": "",
            "type": "message",
            "instructions": "",
            "required": 0,
            "conditional_logic": 0,
            "wrapper": {
                "width": "",
                "class": "",
                "id": ""
            },
            "message": "<h2>Typography settings have been moved to <strong>Appearance > Customize > Typography<\/strong>.<\/h2>",
            "new_lines": "",
            "esc_html": 0
        },
        {
            "key": "field_64874ed0af05d",
            "label": "Share modal",
            "name": "",
            "aria-label": "",
            "type": "tab",
            "instructions": "",
            "required": 0,
            "conditional_logic": 0,
            "wrapper": {
                "width": "",
                "class": "",
                "id": ""
            },
            "placement": "left",
            "endpoint": 0
        },
        {
            "key": "field_64874ef3af05e",
            "label": "Select share networks",
            "name": "select_share_networks",
            "aria-label": "",
            "type": "checkbox",
            "instructions": "",
            "required": 0,
            "conditional_logic": 0,
            "wrapper": {
                "width": "",
                "class": "",
                "id": ""
            },
            "choices": {
                "facebook": "Facebook",
                "twitter": "X (Twitter)",
                "whatsapp": "WhatsApp",
                "telegram": "Telegram",
                "pinterest": "Pinterest",
                "linkedin": "LinkedIn",
                "reddit": "Reddit",
                "tumblr": "Tumblr",
                "vkontakte": "VKontakte",
                "mail": "Mail",
                "copy_link": "Copy link",
                "native_share": "Native share"
            },
            "default_value": [],
            "return_format": "value",
            "allow_custom": 0,
            "layout": "vertical",
            "toggle": 0,
            "save_custom": 0,
            "custom_choice_button_text": "Add new choice"
        }
    ],
    "location": [
        [
            {
                "param": "options_page",
                "operator": "==",
                "value": "theme-general-settings"
            }
        ]
    ],
    "menu_order": 0,
    "position": "normal",
    "style": "default",
    "label_placement": "top",
    "instruction_placement": "label",
    "hide_on_screen": "",
    "active": true,
    "description": "",
    "show_in_rest": 0,
    "modified": 1726182955
}
