{
    "key": "group_5a7c64ac11a85",
    "title": "Listing Type",
    "fields": [
        {
            "key": "field_5a7c651950f2e",
            "label": "Default Logo",
            "name": "default_logo",
            "type": "image",
            "instructions": "This image will be used when listing logo isn't present. Leave empty to hide the logo completely.",
            "required": 0,
            "conditional_logic": 0,
            "wrapper": {
                "width": "",
                "class": "",
                "id": ""
            },
            "return_format": "id",
            "preview_size": "medium",
            "library": "all",
            "min_width": "",
            "min_height": "",
            "min_size": "",
            "max_width": "",
            "max_height": "",
            "max_size": "",
            "mime_types": ""
        },
        {
            "key": "field_645a64673dbdd",
            "label": "Default Map Marker",
            "name": "default_map_marker",
            "type": "image",
            "instructions": "This image will be used as the default map marker if listing logo is not present",
            "required": 0,
            "conditional_logic": 0,
            "wrapper": {
                "width": "",
                "class": "",
                "id": ""
            },
            "return_format": "id",
            "preview_size": "medium",
            "library": "all",
            "min_width": "",
            "min_height": "",
            "min_size": "",
            "max_width": "",
            "max_height": "",
            "max_size": "",
            "mime_types": ""
        },
        {
            "key": "field_5a7c657d50f2f",
            "label": "Default Cover Image",
            "name": "default_cover_image",
            "type": "image",
            "instructions": "This image will be used when listing cover isn't present. Leave empty to hide the cover completely.",
            "required": 0,
            "conditional_logic": 0,
            "wrapper": {
                "width": "",
                "class": "",
                "id": ""
            },
            "return_format": "id",
            "preview_size": "medium",
            "library": "all",
            "min_width": "",
            "min_height": "",
            "min_size": "",
            "max_width": "",
            "max_height": "",
            "max_size": "",
            "mime_types": ""
        }
    ],
    "location": [
        [
            {
                "param": "post_type",
                "operator": "==",
                "value": "case27_listing_type"
            }
        ]
    ],
    "menu_order": 10,
    "position": "side",
    "style": "default",
    "label_placement": "top",
    "instruction_placement": "label",
    "hide_on_screen": "",
    "active": true,
    "description": "",
    "show_in_rest": 0,
    "modified": 1683645592
}